lambda,jump_mean,jump_std,mu,sigma,mean_vol,std_vol
0.0,-0.0001,0.0002,0.003074707171217405,0.012136368848345163,0.011953082208206832,0.0010876429157958014
